1,google.com
2,youtube.com
3,facebook.com
4,baidu.com
5,wikipedia.org
6,qq.com
7,taobao.com
8,tmall.com
9,amazon.com
10,vk.com
11,yahoo.com
12,twitter.com
13,sohu.com
14,yandex.ru
15,instagram.com
16,reddit.com
17,sina.com.cn
18,live.com
19,jd.com
20,weibo.com
21,netflix.com
22,blogspot.com
23,login.tmall.com
24,twitch.tv
25,360.cn
26,tribunnews.com
27,pornhub.com
28,csdn.net
29,yahoo.co.jp
30,aliexpress.com
31,mail.ru
32,alipay.com
33,pages.tmall.com
34,naver.com
35,bing.com
36,t.co
37,ebay.com
38,ok.ru
39,microsoft.com
40,google.com.hk
41,google.co.in
42,xvideos.com
43,linkedin.com
44,amazon.co.jp
45,imdb.com
46,fandom.com
47,bilibili.com
48,microsoftonline.com
49,zhihu.com
50,github.com
51,livejasmin.com
52,imgur.com
53,okezone.com
54,wordpress.com
55,google.co.jp
56,xhamster.com
57,stackoverflow.com
58,google.ru
59,paypal.com
60,amazon.in
61,gmw.cn
62,163.com
63,douban.com
64,popads.net
65,google.com.br
66,msn.com
67,whatsapp.com
68,apple.com
69,office.com
70,google.de
71,hao123.com
72,soso.com
73,roblox.com
74,detail.tmall.com
75,tumblr.com
76,google.fr
77,cnblogs.com
78,adobe.com
79,pinterest.com
80,amazon.de
81,nicovideo.jp
82,amazon.co.uk
83,booking.com
84,google.it
85,pixnet.net
86,google.cn
87,quora.com
88,google.es
89,rakuten.co.jp
90,bongacams.com
91,bbc.com
92,detik.com
93,xinhuanet.com
94,tianya.cn
95,so.com
96,deloplen.com
97,xnxx.com
98,bbc.co.uk
99,google.co.uk
100,dropbox.com
101,espn.com
102,discordapp.com
103,ettoday.net
104,instructure.com
105,hotstar.com
106,iqiyi.com
107,sogou.com
108,soundcloud.com
109,thestartmagazine.com
110,babytree.com
111,spotify.com
112,nih.gov
113,craigslist.org
114,aparat.com
115,ecopalorony.info
116,jianshu.com
117,douyu.com
118,ebay.de
119,avito.ru
120,stackexchange.com
121,amazonaws.com
122,gloyah.net
123,nytimes.com
124,onlinesbi.com
125,gamepedia.com
126,google.com.mx
127,researchgate.net
128,mediafire.com
129,steamcommunity.com
130,cnn.com
131,1688.com
132,dailymotion.com
133,fc2.com
134,cricbuzz.com
135,dolohen.com
136,ask.com
137,heroesofrpg.com
138,etsy.com
139,chaturbate.com
140,youku.com
141,dspmulti.com
142,daum.net
143,slideshare.net
144,softonic.com
145,globo.com
146,utorrent.com
147,chase.com
148,thepiratebay.org
149,vimeo.com
150,google.com.tr
151,op.gg
152,txxx.com
153,hulu.com
154,etreflased.info
155,google.com.tw
156,flipkart.com
157,ebay.co.uk
158,aliyun.com
159,theguardian.com
160,yts.am
161,walmart.com
162,onlinevideoconverter.com
163,ifeng.com
164,amazon.fr
165,0byv9mgbn0.com
166,spankbang.com
167,deviantart.com
168,primevideo.com
169,sciencedirect.com
170,twimg.com
171,steampowered.com
172,eastday.com
173,scribd.com
174,sindonews.com
175,uol.com.br
176,amazon.it
177,mega.nz
178,mercadolivre.com.br
179,panda.tv
180,indeed.com
181,google.ca
182,openload.co
183,medium.com
184,wikihow.com
185,duckduckgo.com
186,zhanqi.tv
187,tokopedia.com
188,w3schools.com
189,digikala.com
190,blogger.com
191,academia.edu
192,china.com.cn
193,ladbible.com
194,xilbalar.com
195,alibaba.com
196,cnki.net
197,otvfoco.com.br
198,bukalapak.com
199,bet365.com
200,liputan6.com